HomeScore,AwayScore,SeasonID,Gameweek,MatchID,HomeTeamID,HomeShots,AwayTeamID,AwayShots
1,1,1,1,1,7,17,1,12
1,3,1,1,2,6,8,8,17
5,1,1,1,3,5,21,9,7
2,0,1,1,4,4,25,10,8
3,3,1,1,5,3,13,11,19
2,1,1,1,6,2,11,12,20
1,1,1,1,7,28,18,13,11
3,1,1,1,8,27,17,14,7
0,2,1,1,9,26,4,15,30
0,0,1,1,10,25,8,16,13
2,1,1,1,11,24,10,17,8
2,3,1,1,12,23,14,18,16
1,4,1,1,13,22,10,19,17
0,0,1,1,14,21,35,20,4
0,2,1,2,15,2,9,1,18
3,0,1,2,16,28,19,3,9
0,0,1,2,17,27,9,4,11
2,1,1,2,18,26,15,5,17
0,2,1,2,19,25,8,6,17
4,1,1,2,20,24,18,7,14
0,0,1,2,21,23,9,8,13
2,0,1,2,22,22,17,9,6
1,1,1,2,23,21,25,10,4
1,1,1,2,24,20,12,11,17
3,1,1,2,25,19,29,12,4
2,1,1,2,26,18,21,13,21
1,0,1,2,27,17,15,14,6
2,4,1,2,28,16,7,15,23
1,3,1,3,29,25,9,1,14
2,0,1,3,30,24,18,26,6
1,2,1,3,31,23,7,27,18
2,0,1,3,32,22,16,28,7
1,1,1,3,33,21,21,2,8
0,0,1,3,34,20,10,3,6
0,0,1,3,35,19,10,4,14
2,1,1,3,36,18,10,5,16
2,3,1,3,37,17,10,6,19
1,0,1,3,38,16,10,7,11
3,1,1,3,39,15,17,8,14
0,1,1,3,40,14,13,9,13
2,1,1,3,41,13,14,10,12
3,2,1,3,42,12,17,11,14
1,1,1,4,43,1,16,13,12
2,0,1,4,44,14,15,12,6
3,1,1,4,45,15,25,11,8
2,0,1,4,46,16,20,10,10
1,0,1,4,47,17,20,9,2
3,1,1,4,48,18,10,8,17
1,3,1,4,49,19,17,7,12
0,6,1,4,50,20,9,6,17
1,2,1,4,51,21,5,5,15
3,3,1,4,52,22,18,4,9
1,1,1,4,53,23,14,3,10
2,0,1,4,54,24,27,2,12
2,1,1,4,55,25,11,28,10
0,4,1,4,56,26,1,27,20
5,1,1,5,57,1,20,28,8
2,6,1,5,58,2,7,27,26
1,1,1,5,59,3,23,26,7
3,0,1,5,60,4,24,25,8
1,2,1,5,61,5,27,24,7
5,0,1,5,62,6,23,23,11
1,0,1,5,63,7,15,22,12
2,1,1,5,64,8,22,21,6
2,2,1,5,65,9,19,20,17
1,3,1,5,66,10,6,19,22
2,0,1,5,67,11,11,18,8
2,2,1,5,68,12,14,17,14
2,2,1,5,69,13,14,16,6
1,4,1,5,70,14,9,15,18
1,1,1,6,71,1,14,5,19
3,1,1,6,72,6,15,4,8
2,1,1,6,73,7,19,3,11
5,0,1,6,74,8,34,2,4
0,1,1,6,75,9,10,28,11
0,1,1,6,76,10,5,27,26
4,0,1,6,77,11,22,26,8
2,1,1,6,78,12,13,25,9
3,3,1,6,79,13,18,24,15
2,0,1,6,80,14,14,23,12
4,1,1,6,81,15,20,22,9
1,5,1,6,82,16,11,21,22
4,0,1,6,83,17,25,20,7
0,1,1,6,84,18,6,19,14
2,1,1,7,85,1,20,16,19
0,3,1,7,86,17,10,15,13
0,1,1,7,87,18,12,14,10
1,0,1,7,88,19,21,13,4
1,2,1,7,89,20,8,12,15
3,0,1,7,90,21,14,11,10
1,0,1,7,91,22,12,10,4
5,1,1,7,92,23,16,9,9
0,2,1,7,93,24,8,8,15
0,1,1,7,94,25,11,7,18
0,0,1,7,95,26,6,6,16
2,0,1,7,96,27,17,5,7
0,1,1,7,97,28,13,4,15
1,2,1,7,98,2,16,3,9
0,1,1,8,99,9,15,1,18
2,1,1,8,100,8,33,10,5
0,2,1,8,101,7,13,11,12
2,0,1,8,102,6,24,12,4
1,3,1,8,103,5,20,13,12
1,1,1,8,104,4,17,14,3
0,5,1,8,105,3,6,15,24
1,1,1,8,106,2,9,16,12
3,1,1,8,107,28,15,17,11
3,3,1,8,108,27,18,18,11
1,4,1,8,109,26,12,19,15
3,1,1,8,110,25,16,20,12
2,0,1,8,111,24,9,21,13
3,0,1,8,112,23,15,22,10
0,0,1,9,113,4,12,1,9
1,5,1,9,114,3,8,5,17
0,2,1,9,115,2,9,6,19
1,1,1,9,116,28,8,7,5
1,3,1,9,117,27,13,8,15
1,2,1,9,118,26,8,9,20
0,3,1,9,119,25,16,10,14
1,1,1,9,120,24,16,11,8
0,1,1,9,121,23,15,12,10
1,2,1,9,122,22,10,13,11
3,2,1,9,123,21,17,14,11
0,2,1,9,124,20,5,15,29
5,0,1,9,125,19,27,16,4
3,1,1,9,126,18,11,17,13
1,2,1,10,127,1,13,23,9
2,2,1,10,128,24,13,22,18
1,1,1,10,129,25,7,21,11
4,0,1,10,130,26,13,20,12
1,1,1,10,131,27,17,19,12
0,2,1,10,132,28,12,18,6
2,2,1,10,133,2,11,17,5
2,1,1,10,134,3,14,16,4
3,3,1,10,135,4,16,15,18
1,1,1,10,136,5,26,14,5
0,2,1,10,137,6,13,13,11
4,1,1,10,138,7,14,12,7
2,0,1,10,139,8,28,11,3
1,0,1,10,140,9,15,10,6
2,0,1,11,141,8,21,1,9
1,1,1,11,142,7,27,9,7
3,1,1,11,143,6,23,10,4
2,2,1,11,144,5,17,11,9
6,0,1,11,145,4,26,12,1
2,4,1,11,146,3,11,13,24
0,0,1,11,147,2,12,14,17
1,0,1,11,148,28,9,15,18
2,1,1,11,149,27,23,16,5
0,0,1,11,150,26,6,17,8
0,0,1,11,151,25,10,18,16
1,1,1,11,152,24,23,19,5
3,3,1,11,153,23,17,20,18
1,0,1,11,154,22,21,21,8
6,1,1,12,155,1,28,2,8
1,1,1,12,156,3,15,28,16
3,0,1,12,157,4,9,27,14
5,0,1,12,158,5,21,26,5
5,0,1,12,159,6,24,25,8
2,1,1,12,160,7,15,24,8
4,0,1,12,161,8,29,23,1
1,0,1,12,162,9,9,22,13
2,1,1,12,163,10,9,21,17
3,0,1,12,164,11,15,20,6
0,2,1,12,165,12,8,19,16
0,0,1,12,166,13,18,18,11
0,1,1,12,167,14,4,17,12
3,3,1,12,168,15,38,16,10
5,1,1,13,169,1,19,27,11
1,1,1,13,170,28,22,26,11
0,1,1,13,171,2,11,25,12
0,1,1,13,172,3,14,24,15
2,0,1,13,173,4,21,23,3
1,2,1,13,174,5,12,22,7
1,2,1,13,175,6,21,21,6
4,0,1,13,176,7,27,20,7
1,1,1,13,177,8,13,19,8
2,0,1,13,178,9,9,18,8
1,1,1,13,179,10,8,17,11
2,2,1,13,180,11,13,16,9
2,3,1,13,181,12,10,15,20
2,2,1,13,182,13,19,14,13
1,0,1,14,183,14,11,1,8
0,2,1,14,184,13,5,15,15
0,0,1,14,185,12,14,16,19
5,1,1,14,186,11,18,17,13
1,2,1,14,187,10,4,18,12
1,4,1,14,188,9,3,19,21
5,4,1,14,189,8,31,20,8
1,2,1,14,190,7,11,21,10
3,1,1,14,191,6,20,22,14
1,1,1,14,192,5,17,23,10
3,1,1,14,193,4,24,24,11
2,2,1,14,194,3,11,25,13
1,1,1,14,195,2,13,26,12
1,2,1,14,196,28,12,27,15
0,1,1,15,197,1,9,4,13
5,0,1,15,198,5,25,3,3
2,1,1,15,199,6,27,2,11
1,2,1,15,200,7,10,28,12
1,0,1,15,201,8,20,27,12
2,1,1,15,202,9,20,26,8
2,1,1,15,203,10,9,25,18
1,1,1,15,204,11,11,24,15
0,2,1,15,205,12,8,23,10
0,0,1,15,206,13,12,22,10
3,2,1,15,207,14,14,21,14
6,0,1,15,208,15,38,20,5
0,5,1,15,209,16,8,19,16
2,1,1,15,210,17,27,18,8
2,1,1,16,211,1,12,19,13
0,4,1,16,212,20,12,18,13
2,1,1,16,213,21,14,17,14
0,0,1,16,214,22,15,16,10
1,2,1,16,215,23,7,15,24
3,1,1,16,216,24,20,14,11
1,1,1,16,217,25,8,13,16
2,1,1,16,218,26,20,12,15
3,2,1,16,219,27,18,11,11
0,0,1,16,220,28,19,10,8
1,1,1,16,221,2,12,9,18
0,2,1,16,222,3,12,8,19
6,1,1,16,223,4,23,7,6
4,1,1,16,224,5,22,6,10
0,0,1,17,225,1,12,22,7
1,0,1,17,226,23,6,21,18
4,1,1,17,227,24,32,20,6
0,3,1,17,228,25,7,19,23
0,3,1,17,229,26,8,18,17
1,0,1,17,230,27,15,17,10
3,1,1,17,231,28,11,16,12
1,7,1,17,232,2,9,15,24
1,1,1,17,233,3,15,14,13
5,1,1,17,234,4,15,13,8
5,1,1,17,235,5,27,12,9
5,0,1,17,236,6,21,11,5
3,0,1,17,237,7,31,10,5
3,0,1,17,238,8,22,9,3
4,1,1,18,239,1,30,26,5
3,1,1,18,240,27,32,25,6
2,1,1,18,241,28,14,24,10
0,4,1,18,242,2,12,23,19
0,0,1,18,243,3,10,22,11
2,1,1,18,244,4,18,21,9
2,0,1,18,245,5,28,20,3
0,3,1,18,246,6,5,19,12
4,2,1,18,247,7,21,18,10
3,1,1,18,248,8,15,17,9
2,1,1,18,249,9,11,16,7
0,4,1,18,250,10,10,15,30
3,2,1,18,251,11,15,14,7
0,0,1,18,252,12,8,13,14
3,0,1,19,253,5,20,1,7
0,1,1,19,254,4,9,6,8
1,1,1,19,255,3,14,7,10
0,1,1,19,256,2,5,8,14
0,0,1,19,257,28,17,9,7
2,0,1,19,258,27,19,10,7
0,0,1,19,259,26,10,11,17
2,5,1,19,260,25,14,12,16
2,0,1,19,261,24,21,13,11
1,1,1,19,262,23,13,14,8
1,3,1,19,263,22,11,15,12
2,2,1,19,264,21,13,16,8
2,1,1,19,265,20,6,17,20
1,1,1,19,266,19,9,18,6
1,1,1,20,267,1,19,24,14
2,2,1,20,268,25,16,23,14
3,2,1,20,269,26,11,22,11
0,1,1,20,270,27,16,21,8
5,0,1,20,271,28,20,20,9
1,0,1,20,272,2,5,19,11
2,2,1,20,273,3,15,18,17
0,0,1,20,274,4,15,17,9
3,1,1,20,275,5,27,16,7
0,1,1,20,276,6,9,15,13
7,1,1,20,277,7,29,14,7
3,2,1,20,278,8,29,13,11
6,2,1,20,279,9,30,12,8
0,2,1,20,280,10,9,11,15
0,1,1,21,281,1,11,17,10
0,0,1,21,282,18,18,16,10
0,3,1,21,283,19,13,15,20
2,1,1,21,284,20,13,14,11
2,1,1,21,285,21,10,13,10
4,1,1,21,286,22,19,12,6
1,0,1,21,287,23,12,11,9
2,0,1,21,288,24,24,10,10
0,2,1,21,289,25,6,9,11
0,2,1,21,290,26,6,8,23
3,1,1,21,291,27,17,7,4
1,1,1,21,292,28,10,6,9
1,2,1,21,293,2,7,5,20
1,3,1,21,294,3,7,4,26
2,1,1,22,295,17,14,1,10
1,2,1,22,296,16,12,18,8
3,1,1,22,297,15,26,19,11
3,2,1,22,298,14,22,20,3
2,3,1,22,299,13,20,21,15
0,1,1,22,300,12,10,22,15
3,0,1,22,301,11,22,23,8
0,3,1,22,302,10,8,24,16
1,0,1,22,303,9,15,25,6
4,1,1,22,304,8,26,26,6
2,1,1,22,305,7,10,27,12
3,0,1,22,306,6,21,28,7
2,0,1,22,307,5,27,2,3
2,3,1,22,308,4,16,3,10
3,0,1,23,309,15,25,1,12
1,0,1,23,310,14,13,16,6
0,1,1,23,311,13,13,17,8
1,0,1,23,312,12,19,18,5
1,1,1,23,313,11,10,19,16
2,1,1,23,314,10,9,20,9
0,2,1,23,315,9,9,21,11
2,0,1,23,316,8,14,22,6
2,0,1,23,317,7,20,23,6
1,1,1,23,318,6,11,24,7
4,0,1,23,319,5,31,25,6
4,1,1,23,320,4,28,26,9
1,0,1,23,321,3,6,27,26
0,2,1,23,322,2,12,28,13
2,1,1,24,323,19,25,1,17
3,2,1,24,324,18,18,20,6
0,0,1,24,325,17,15,21,15
1,1,1,24,326,16,9,22,10
3,0,1,24,327,15,31,23,4
1,0,1,24,328,14,14,24,15
2,0,1,24,329,13,19,25,8
2,1,1,24,330,12,17,26,8
1,1,1,24,331,11,8,27,10
2,1,1,24,332,10,8,28,16
0,1,1,24,333,9,17,2,8
4,2,1,24,334,8,18,3,6
1,1,1,24,335,7,14,4,14
0,2,1,24,336,6,15,5,11
1,1,1,25,337,1,7,11,7
1,1,1,25,338,12,16,10,8
1,1,1,25,339,13,21,9,5
0,3,1,25,340,14,8,8,17
2,0,1,25,341,15,24,7,5
0,5,1,25,342,16,12,6,23
0,1,1,25,343,17,10,5,15
0,3,1,25,344,18,7,4,17
1,0,1,25,345,19,17,3,8
2,0,1,25,346,20,9,2,4
1,1,1,25,347,21,15,28,14
1,1,1,25,348,22,13,27,9
5,0,1,25,349,23,20,26,10
4,0,1,25,350,24,20,25,4
0,0,1,26,351,24,14,1,9
3,0,1,26,352,23,17,25,9
2,0,1,26,353,22,13,26,1
0,3,1,26,354,21,14,27,14
1,2,1,26,355,20,9,28,12
3,1,1,26,356,19,25,2,8
1,2,1,26,357,18,17,3,11
0,1,1,26,358,17,11,4,9
2,3,1,26,359,16,8,5,20
3,1,1,26,360,15,16,6,13
0,1,1,26,361,14,7,7,9
1,2,1,26,362,13,15,8,13
1,1,1,26,363,12,11,9,11
4,0,1,26,364,11,25,10,6
0,1,1,27,365,3,12,1,13
0,3,1,27,366,2,4,4,19
0,0,1,27,367,28,8,5,13
1,1,1,27,368,27,20,6,8
0,6,1,27,369,26,10,7,21
1,6,1,27,370,25,9,8,25
6,1,1,27,371,24,23,9,6
3,1,1,27,372,23,16,10,9
3,0,1,27,373,22,16,11,16
3,1,1,27,374,21,18,12,7
0,2,1,27,375,20,5,13,11
2,2,1,27,376,19,16,14,10
0,2,1,27,377,18,9,15,20
1,0,1,27,378,17,21,16,5
1,2,1,28,379,1,17,9,11
0,6,1,28,380,10,7,8,27
0,2,1,28,381,11,9,7,20
1,4,1,28,382,12,10,6,18
2,2,1,28,383,13,12,5,19
2,5,1,28,384,14,9,4,18
1,1,1,28,385,15,27,3,6
1,2,1,28,386,16,11,2,11
1,0,1,28,387,17,11,28,7
0,5,1,28,388,18,11,27,21
1,0,1,28,389,19,31,26,9
2,3,1,28,390,20,11,25,15
1,0,1,28,391,21,10,24,15
3,1,1,28,392,22,10,23,13
2,1,1,29,393,6,15,1,12
1,1,1,29,394,5,16,7,16
0,0,1,29,395,4,9,8,12
3,3,1,29,396,3,17,9,15
1,2,1,29,397,2,16,10,11
1,1,1,29,398,28,18,11,13
0,0,1,29,399,27,15,12,5
1,0,1,29,400,26,8,13,18
1,0,1,29,401,25,7,14,7
1,3,1,29,402,24,14,15,14
4,0,1,29,403,23,21,16,8
2,1,1,29,404,22,16,17,14
3,0,1,29,405,21,18,18,9
0,4,1,29,406,20,7,19,20
1,2,1,30,407,20,7,1,19
1,1,1,30,408,19,16,21,8
1,0,1,30,409,18,12,22,14
2,0,1,30,410,17,10,23,4
1,3,1,30,411,16,16,24,27
2,1,1,30,412,15,29,25,11
2,2,1,30,413,14,19,26,12
1,1,1,30,414,13,11,27,16
2,2,1,30,415,12,9,28,9
2,0,1,30,416,11,19,2,7
1,3,1,30,417,10,17,3,14
0,0,1,30,418,9,10,4,21
1,1,1,30,419,8,15,5,5
1,1,1,30,420,7,17,6,13
1,0,1,31,421,26,11,1,17
2,6,1,31,422,25,13,27,17
1,1,1,31,423,24,16,28,7
3,2,1,31,424,23,25,2,14
5,0,1,31,425,22,23,3,7
2,2,1,31,426,21,8,4,20
0,4,1,31,427,20,6,5,18
1,0,1,31,428,19,10,6,7
0,1,1,31,429,18,9,7,16
3,1,1,31,430,17,8,8,17
0,1,1,31,431,16,8,9,8
7,0,1,31,432,15,27,10,4
2,1,1,31,433,14,12,11,13
1,0,1,31,434,13,16,12,9
3,0,1,32,435,1,16,18,6
1,0,1,32,436,19,22,17,6
2,0,1,32,437,20,11,16,6
3,1,1,32,438,21,14,15,15
0,2,1,32,439,22,16,14,8
1,2,1,32,440,23,12,13,10
2,0,1,32,441,24,19,12,5
0,2,1,32,442,25,9,11,17
1,1,1,32,443,26,10,10,8
1,0,1,32,444,27,24,9,12
1,0,1,32,445,28,9,8,9
1,2,1,32,446,2,7,7,19
0,4,1,32,447,3,5,6,21
1,1,1,32,448,4,17,5,10
0,0,1,33,449,1,12,25,7
1,2,1,33,450,26,7,24,24
1,2,1,33,451,27,16,23,10
0,1,1,33,452,28,13,22,12
0,2,1,33,453,2,7,21,14
2,2,1,33,454,3,9,20,9
4,1,1,33,455,4,15,19,16
9,2,1,33,456,5,40,18,8
2,0,1,33,457,6,15,17,7
3,0,1,33,458,7,16,16,6
2,1,1,33,459,8,16,15,14
1,3,1,33,460,9,20,14,13
0,1,1,33,461,10,9,13,17
2,1,1,33,462,11,16,12,10
0,2,1,34,463,1,15,15,24
0,0,1,34,464,16,6,14,9
6,0,1,34,465,17,15,13,5
0,0,1,34,466,18,16,12,11
2,0,1,34,467,19,18,11,5
1,0,1,34,468,20,12,10,5
4,2,1,34,469,21,17,9,11
2,1,1,34,470,22,10,8,9
2,4,1,34,471,23,9,7,22
2,2,1,34,472,24,16,6,15
0,5,1,34,473,25,3,5,35
0,2,1,34,474,26,6,4,19
3,2,1,34,475,27,22,3,7
0,0,1,34,476,28,25,2,14
1,1,1,35,477,11,13,1,13
2,2,1,35,478,10,17,12,12
0,0,1,35,479,9,9,13,6
2,1,1,35,480,8,24,14,7
1,4,1,35,481,7,4,15,22
3,0,1,35,482,6,25,16,10
2,0,1,35,483,5,18,17,15
3,0,1,35,484,4,16,18,12
2,2,1,35,485,3,13,19,24
2,1,1,35,486,2,23,20,12
1,0,1,35,487,28,17,21,9
1,1,1,35,488,27,18,22,8
0,2,1,35,489,26,16,23,14
0,5,1,35,490,25,9,24,12
0,3,1,36,491,12,5,1,17
2,0,1,36,492,11,8,13,14
2,0,1,36,493,10,10,14,18
1,2,1,36,494,9,8,15,15
2,1,1,36,495,8,21,16,2
5,1,1,36,496,7,15,17,10
2,0,1,36,497,6,30,18,8
0,1,1,36,498,5,17,19,11
2,0,1,36,499,4,25,20,5
0,3,1,36,500,3,10,21,12
4,5,1,36,501,2,14,22,21
1,2,1,36,502,28,13,23,15
1,0,1,36,503,27,11,24,10
1,3,1,36,504,26,13,25,8
4,1,1,37,505,1,20,10,8
3,0,1,37,506,11,17,9,8
3,3,1,37,507,12,13,8,22
5,1,1,37,508,13,19,7,7
2,2,1,37,509,14,8,6,13
2,0,1,37,510,15,15,5,11
2,8,1,37,511,16,8,4,21
5,1,1,37,512,17,27,3,9
6,0,1,37,513,18,27,2,14
4,0,1,37,514,19,21,28,10
0,1,1,37,515,20,5,27,15
3,1,1,37,516,21,23,26,7
4,0,1,37,517,22,23,25,7
0,0,1,37,518,23,7,24,16
0,1,1,38,519,22,19,1,8
3,0,1,38,520,21,17,23,7
0,5,1,38,521,20,5,24,28
2,2,1,38,522,19,16,25,5
1,1,1,38,523,18,14,26,9
2,2,1,38,524,17,15,27,14
2,3,1,38,525,16,15,28,17
8,1,1,38,526,15,28,2,6
0,0,1,38,527,14,12,3,9
0,1,1,38,528,13,8,4,14
1,1,1,38,529,12,12,5,14
0,0,1,38,530,11,9,6,10
1,2,1,38,531,10,10,7,22
0,1,1,38,532,9,8,8,14
2,2,1,39,533,13,10,1,9
2,1,1,39,534,12,14,14,14
0,2,1,39,535,11,9,15,27
3,2,1,39,536,10,14,16,11
0,1,1,39,537,9,15,17,11
2,0,1,39,538,8,19,18,7
0,1,1,39,539,7,13,19,13
3,1,1,39,540,6,17,20,7
1,1,1,39,541,5,20,21,12
1,0,1,39,542,4,11,22,12
0,1,1,39,543,3,13,23,13
1,4,1,39,544,2,7,24,17
3,0,1,39,545,28,20,25,5
4,2,1,39,546,27,30,26,7
1,1,1,40,547,16,10,1,8
3,0,1,40,548,15,19,17,8
0,0,1,40,549,14,3,18,8
0,2,1,40,550,13,11,19,14
2,1,1,40,551,12,15,20,6
1,2,1,40,552,11,11,21,15
1,2,1,40,553,10,8,22,17
0,1,1,40,554,9,11,23,11
3,3,1,40,555,8,28,24,14
4,2,1,40,556,7,18,25,13
3,1,1,40,557,6,19,26,2
2,3,1,40,558,5,16,27,15
0,1,1,40,559,4,19,28,8
0,0,1,40,560,3,11,2,7
4,1,1,41,561,21,14,1,11
0,2,1,41,562,20,13,22,14
3,2,1,41,563,19,27,23,6
1,0,1,41,564,18,8,24,11
5,1,1,41,565,17,27,25,9
2,2,1,41,566,16,13,26,10
1,1,1,41,567,15,12,27,6
0,3,1,41,568,14,8,28,12
4,0,1,41,569,13,24,2,11
2,4,1,41,570,12,10,3,18
2,3,1,41,571,11,16,4,15
3,6,1,41,572,10,12,5,28
0,1,1,41,573,9,7,6,15
6,0,1,41,574,8,20,7,5
1,0,1,42,575,28,6,1,8
5,2,1,42,576,27,25,2,11
1,2,1,42,577,26,7,3,19
0,5,1,42,578,25,9,4,21
2,2,1,42,579,24,13,5,17
1,3,1,42,580,23,8,6,24
0,0,1,42,581,22,10,7,5
1,3,1,42,582,21,8,8,18
2,4,1,42,583,20,18,9,17
4,0,1,42,584,19,37,10,3
1,0,1,42,585,18,9,11,8
7,2,1,42,586,17,26,12,6
0,4,1,42,587,16,11,13,15
8,0,1,42,588,15,47,14,4
1,2,1,43,589,23,9,1,13
1,2,1,43,590,22,16,24,6
0,0,1,43,591,21,10,25,9
0,2,1,43,592,20,6,26,12
3,2,1,43,593,19,10,27,19
1,0,1,43,594,18,11,28,10
6,0,1,43,595,17,19,2,2
1,4,1,43,596,16,15,3,21
2,0,1,43,597,15,17,4,8
1,3,1,43,598,14,4,5,18
3,0,1,43,599,13,11,6,9
0,2,1,43,600,12,8,7,14
2,1,1,43,601,11,8,8,16
1,1,1,43,602,10,9,9,8
1,0,1,44,603,1,23,20,1
5,2,1,44,604,21,20,19,19
4,0,1,44,605,22,18,18,5
3,0,1,44,606,23,13,17,10
3,0,1,44,607,24,27,16,7
0,2,1,44,608,25,7,15,17
0,1,1,44,609,26,3,14,16
5,0,1,44,610,27,15,13,10
3,0,1,44,611,28,24,12,4
1,0,1,44,612,2,6,11,17
2,0,1,44,613,3,22,10,6
3,1,1,44,614,4,21,9,7
4,4,1,44,615,5,20,8,9
1,1,1,44,616,6,17,7,9
2,3,1,45,617,1,12,7,11
2,0,1,45,618,8,12,6,3
0,1,1,45,619,9,9,5,17
0,10,1,45,620,10,3,4,38
1,3,1,45,621,11,16,3,9
1,0,1,45,622,12,10,2,11
3,0,1,45,623,13,14,28,9
0,3,1,45,624,14,8,27,18
2,0,1,45,625,15,32,26,10
4,0,1,45,626,16,16,25,8
1,3,1,45,627,17,10,24,10
2,5,1,45,628,18,16,23,14
2,0,1,45,629,19,15,22,8
1,3,1,45,630,20,11,21,17
2,2,1,46,631,1,20,21,13
2,1,1,46,632,22,22,20,4
2,1,1,46,633,23,13,19,20
4,0,1,46,634,24,23,18,6
0,4,1,46,635,25,12,17,12
0,3,1,46,636,26,8,16,13
1,3,1,46,637,27,6,15,10
0,2,1,46,638,28,13,14,9
3,0,1,46,639,2,15,13,16
1,2,1,46,640,3,22,12,11
7,0,1,46,641,4,27,11,5
2,0,1,46,642,5,21,10,3
1,0,1,46,643,6,23,9,8
0,3,1,46,644,7,14,8,16
2,0,1,47,645,1,24,3,5
4,0,1,47,646,4,23,2,4
2,1,1,47,647,5,20,28,7
1,3,1,47,648,6,10,27,12
2,0,1,47,649,7,25,26,4
5,1,1,47,650,8,31,25,10
0,3,1,47,651,9,15,24,12
0,1,1,47,652,10,4,23,7
3,0,1,47,653,11,11,22,12
3,0,1,47,654,12,13,21,12
5,3,1,47,655,13,23,20,9
0,1,1,47,656,14,8,19,15
3,1,1,47,657,15,26,18,6
0,0,1,47,658,16,8,17,8
4,0,1,48,659,1,15,14,7
1,1,1,48,660,15,27,13,9
3,2,1,48,661,16,23,12,18
3,1,1,48,662,17,11,11,12
1,0,1,48,663,18,19,10,4
3,2,1,48,664,19,23,9,6
1,3,1,48,665,20,8,8,26
3,1,1,48,666,21,13,7,19
2,3,1,48,667,22,15,6,10
1,7,1,48,668,23,12,5,23
1,3,1,48,669,24,7,4,14
1,2,1,48,670,25,13,3,14
2,2,1,48,671,26,16,2,13
2,3,1,48,672,27,16,28,8
0,1,1,49,673,10,7,1,14
0,1,1,49,674,9,8,11,8
5,1,1,49,675,8,22,12,7
0,0,1,49,676,7,10,13,6
3,0,1,49,677,6,19,14,4
2,1,1,49,678,5,11,15,19
3,1,1,49,679,4,22,16,5
0,2,1,49,680,3,4,17,17
1,2,1,49,681,2,12,18,13
0,3,1,49,682,28,5,19,7
4,1,1,49,683,27,24,20,8
1,1,1,49,684,26,9,21,13
2,1,1,49,685,25,9,22,17
5,1,1,49,686,24,29,23,3
2,1,1,50,687,27,23,1,11
4,4,1,50,688,26,15,28,21
0,0,1,50,689,25,12,2,13
3,1,1,50,690,24,16,3,7
0,3,1,50,691,23,6,4,20
1,0,1,50,692,22,14,5,13
3,2,1,50,693,21,14,6,9
0,2,1,50,694,20,4,7,17
1,0,1,50,695,19,10,8,9
0,1,1,50,696,18,9,9,10
8,1,1,50,697,17,30,10,5
0,1,1,50,698,16,13,11,11
1,0,1,50,699,15,28,12,10
2,1,1,50,700,14,9,13,15
2,5,1,51,701,18,14,1,17
0,0,1,51,702,17,9,19,13
2,0,1,51,703,16,10,20,10
3,3,1,51,704,15,17,21,14
1,2,1,51,705,14,8,22,10
1,2,1,51,706,13,20,23,14
3,1,1,51,707,12,14,24,14
2,0,1,51,708,11,28,25,7
2,0,1,51,709,10,10,26,8
1,2,1,51,710,9,11,27,18
3,1,1,51,711,8,16,28,8
2,0,1,51,712,7,20,2,9
3,1,1,51,713,6,27,3,9
2,0,1,51,714,5,18,4,6
0,1,1,52,715,1,18,12,9
0,2,1,52,716,13,19,11,12
4,1,1,52,717,14,15,10,7
6,0,1,52,718,15,32,9,5
0,1,1,52,719,16,5,8,23
2,2,1,52,720,17,17,7,16
0,4,1,52,721,18,13,6,13
1,2,1,52,722,19,14,5,7
1,5,1,52,723,20,9,4,23
2,2,1,52,724,21,15,3,10
3,0,1,52,725,22,25,2,9
3,3,1,52,726,23,11,28,11
0,4,1,52,727,24,9,27,15
2,0,1,52,728,25,10,26,6
1,2,1,53,729,1,7,6,15
1,3,1,53,730,7,7,5,17
1,0,1,53,731,8,14,4,10
0,3,1,53,732,9,8,3,11
1,1,1,53,733,10,9,2,15
3,2,1,53,734,11,10,28,17
1,1,1,53,735,12,10,27,17
2,0,1,53,736,13,21,26,8
3,1,1,53,737,14,18,25,9
2,0,1,53,738,15,24,24,10
1,2,1,53,739,16,18,23,14
0,1,1,53,740,17,8,22,12
1,2,1,53,741,18,12,21,8
4,1,1,53,742,19,25,20,9
0,0,1,54,743,1,9,8,15
1,2,1,54,744,9,9,7,10
0,1,1,54,745,10,8,6,21
0,2,1,54,746,11,5,5,14
0,2,1,54,747,12,6,4,17
3,0,1,54,748,13,18,3,10
3,1,1,54,749,14,15,2,12
3,1,1,54,750,15,17,28,8
0,7,1,54,751,16,4,27,20
1,2,1,54,752,17,15,26,9
2,0,1,54,753,18,12,25,9
3,1,1,54,754,19,21,24,6
0,2,1,54,755,20,8,23,6
1,0,1,54,756,21,21,22,12
1,2,2,1,757,2,14,1,16
5,1,2,1,758,28,25,3,7
0,1,2,1,759,27,7,4,15
2,6,2,1,760,26,7,5,27
0,3,2,1,761,25,6,6,17
2,1,2,1,762,24,9,7,12
1,3,2,1,763,23,11,8,16
0,1,2,1,764,22,19,9,9
2,1,2,1,765,21,25,10,5
2,2,2,1,766,20,12,11,13
3,0,2,1,767,19,28,12,6
0,2,2,1,768,18,6,13,9
2,0,2,1,769,17,12,14,7
0,2,2,1,770,16,5,15,27
3,1,2,2,771,1,13,17,9
4,1,2,2,772,18,13,16,9
2,1,2,2,773,19,9,15,11
1,0,2,2,774,20,11,14,7
2,2,2,2,775,21,23,13,12
1,0,2,2,776,22,21,12,7
1,2,2,2,777,23,18,11,10
3,0,2,2,778,24,20,10,5
1,1,2,2,779,25,11,9,13
0,5,2,2,780,26,5,8,32
1,4,2,2,781,27,9,7,19
3,3,2,2,782,28,13,6,14
0,4,2,2,783,2,6,5,27
1,3,2,2,784,3,12,4,15
3,2,2,3,785,21,13,1,9
2,3,2,3,786,20,10,22,14
1,0,2,3,787,19,14,23,11
0,0,2,3,788,18,9,24,8
1,1,2,3,789,17,17,25,9
1,0,2,3,790,16,14,26,9
3,0,2,3,791,15,18,27,11
0,1,2,3,792,14,11,28,11
3,0,2,3,793,13,28,2,6
3,1,2,3,794,12,15,3,9
0,3,2,3,795,11,6,4,15
1,2,2,3,796,10,6,5,17
1,3,2,3,797,9,10,6,17
0,0,2,3,798,8,12,7,6
3,0,2,4,799,19,20,1,8
4,0,2,4,800,18,17,20,11
1,1,2,4,801,17,10,21,12
0,2,2,4,802,16,5,22,12
4,0,2,4,803,15,23,23,3
1,2,2,4,804,14,4,24,10
1,0,2,4,805,13,15,25,11
2,0,2,4,806,12,29,26,10
1,1,2,4,807,11,10,27,17
1,1,2,4,808,10,14,28,17
3,3,2,4,809,9,18,2,9
5,0,2,4,810,8,26,3,9
1,0,2,4,811,7,12,4,19
2,2,2,4,812,6,15,5,12
0,4,2,5,813,20,10,1,18
1,0,2,5,814,19,10,21,10
0,2,2,5,815,18,3,22,15
1,0,2,5,816,17,10,23,6
1,0,2,5,817,16,8,24,9
7,0,2,5,818,15,30,25,6
2,0,2,5,819,14,17,26,8
1,2,2,5,820,13,11,27,16
0,1,2,5,821,12,10,28,14
3,0,2,5,822,11,16,2,8
0,1,2,5,823,10,9,3,15
0,0,2,5,824,9,6,4,6
0,0,2,5,825,8,13,5,11
3,2,2,5,826,7,15,6,19
1,0,2,6,827,4,20,1,7
1,4,2,6,828,3,7,5,21
1,4,2,6,829,2,5,6,15
1,1,2,6,830,28,12,7,11
1,1,2,6,831,27,15,8,12
4,1,2,6,832,26,13,9,15
2,1,2,6,833,25,17,10,7
2,0,2,6,834,24,17,11,9
3,1,2,6,835,23,15,12,7
3,2,2,6,836,22,21,13,10
2,1,2,6,837,21,21,14,10
0,5,2,6,838,20,4,15,35
3,1,2,6,839,19,28,16,11
3,1,2,6,840,18,13,17,14
1,0,2,7,841,18,8,1,12
2,3,2,7,842,17,16,19,14
2,1,2,7,843,16,18,20,10
1,0,2,7,844,15,25,21,5
0,2,2,7,845,14,19,22,19
1,1,2,7,846,13,13,23,13
3,3,2,7,847,12,12,24,15
2,1,2,7,848,11,11,25,11
0,0,2,7,849,10,4,26,12
1,3,2,7,850,9,9,27,18
0,0,2,7,851,8,11,28,3
2,0,2,7,852,7,24,2,7
3,2,2,7,853,6,22,3,6
1,2,2,7,854,5,15,4,11
3,4,2,8,855,9,13,1,16
5,1,2,8,856,8,26,10,6
1,2,2,8,857,7,23,11,13
3,1,2,8,858,6,29,12,8
2,0,2,8,859,5,17,13,13
2,0,2,8,860,4,17,14,8
0,3,2,8,861,3,10,15,19
3,3,2,8,862,2,13,16,16
1,2,2,8,863,28,24,17,13
3,0,2,8,864,27,22,18,6
0,2,2,8,865,26,8,19,25
1,0,2,8,866,25,12,20,4
2,1,2,8,867,24,14,21,6
1,6,2,8,868,23,14,22,25
3,2,2,9,869,1,16,16,10
1,1,2,9,870,17,10,15,15
0,1,2,9,871,18,12,14,7
3,1,2,9,872,19,23,13,12
1,3,2,9,873,20,8,12,18
3,1,2,9,874,21,19,11,11
3,0,2,9,875,22,19,10,8
2,1,2,9,876,23,17,9,6
0,1,2,9,877,24,8,8,18
1,2,2,9,878,25,10,7,13
0,1,2,9,879,26,9,6,20
2,1,2,9,880,27,18,5,12
1,0,2,9,881,28,8,4,19
0,2,2,9,882,2,12,3,10
1,1,2,10,883,16,13,1,16
2,0,2,10,884,15,18,17,7
2,2,2,10,885,14,9,18,7
2,3,2,10,886,13,17,19,10
0,3,2,10,887,12,11,20,11
2,1,2,10,888,11,13,21,13
1,1,2,10,889,10,6,22,19
0,2,2,10,890,9,12,23,11
1,3,2,10,891,8,15,24,7
2,0,2,10,892,7,19,25,8
1,1,2,10,893,6,25,26,10
1,1,2,10,894,5,18,27,15
2,1,2,10,895,4,22,28,14
2,1,2,10,896,3,14,2,10
1,2,2,11,897,10,13,1,19
2,2,2,11,898,9,17,11,11
3,0,2,11,899,8,24,12,5
3,1,2,11,900,7,19,13,8
3,1,2,11,901,6,17,14,7
1,1,2,11,902,5,18,15,10
4,3,2,11,903,4,26,16,7
1,1,2,11,904,3,13,17,7
2,1,2,11,905,2,12,18,12
0,0,2,11,906,28,3,19,11
2,0,2,11,907,27,26,20,4
0,0,2,11,908,26,8,21,19
2,1,2,11,909,25,11,22,12
4,1,2,11,910,24,23,23,6
0,2,2,12,911,1,5,27,18
2,0,2,12,912,28,20,26,10
5,0,2,12,913,2,17,25,7
2,6,2,12,914,3,9,24,21
3,0,2,12,915,4,28,23,8
3,1,2,12,916,5,17,22,4
3,1,2,12,917,6,16,21,5
1,1,2,12,918,7,16,20,6
1,2,2,12,919,8,13,19,5
1,1,2,12,920,9,12,18,14
2,1,2,12,921,10,9,17,26
2,1,2,12,922,11,21,16,11
3,2,2,12,923,12,9,15,22
4,1,2,12,924,13,21,14,9
2,4,2,13,925,3,11,1,14
0,2,2,13,926,2,5,4,17
0,2,2,13,927,28,14,5,11
3,1,2,13,928,27,15,6,14
2,5,2,13,929,26,15,7,16
0,0,2,13,930,25,7,8,16
1,2,2,13,931,24,19,9,12
2,0,2,13,932,23,19,10,9
3,0,2,13,933,22,21,11,4
1,0,2,13,934,21,16,12,3
2,0,2,13,935,20,7,13,22
5,0,2,13,936,19,20,14,6
0,3,2,13,937,18,6,15,18
6,1,2,13,938,17,19,16,8
2,3,2,14,939,1,16,11,12
1,2,2,14,940,12,19,10,13
1,0,2,14,941,13,17,9,11
1,1,2,14,942,14,11,8,18
4,1,2,14,943,15,26,7,13
1,2,2,14,944,16,8,6,8
2,3,2,14,945,17,10,5,20
2,3,2,14,946,18,8,4,16
2,1,2,14,947,19,22,3,4
2,2,2,14,948,20,7,2,14
3,0,2,14,949,21,14,28,2
0,0,2,14,950,22,12,27,8
3,0,2,14,951,23,20,26,9
0,0,2,14,952,24,16,25,4
2,1,2,15,953,1,22,2,5
1,1,2,15,954,3,9,28,13
2,1,2,15,955,4,20,27,13
3,0,2,15,956,5,30,26,3
1,1,2,15,957,6,27,25,8
3,1,2,15,958,7,15,24,13
3,3,2,15,959,8,14,23,5
3,0,2,15,960,9,9,22,12
2,3,2,15,961,10,8,21,22
4,0,2,15,962,11,26,20,5
0,2,2,15,963,12,9,19,22
1,1,2,15,964,13,18,18,10
2,2,2,15,965,14,12,17,16
4,0,2,15,966,15,31,16,3
2,0,2,16,967,1,17,19,11
2,3,2,16,968,20,15,18,16
0,0,2,16,969,21,6,17,11
1,0,2,16,970,22,18,16,7
1,3,2,16,971,23,8,15,18
4,0,2,16,972,24,23,14,9
1,2,2,16,973,25,15,13,19
1,3,2,16,974,26,20,12,15
2,0,2,16,975,27,16,11,11
1,0,2,16,976,28,19,10,7
1,1,2,16,977,2,11,9,11
1,4,2,16,978,3,10,8,26
2,1,2,16,979,4,24,7,7
0,2,2,16,980,5,23,6,14
1,2,2,17,981,1,12,9,8
2,3,2,17,982,10,7,8,25
3,5,2,17,983,11,13,7,15
0,2,2,17,984,12,4,6,27
2,3,2,17,985,13,9,5,20
0,4,2,17,986,14,10,4,35
5,2,2,17,987,15,37,3,9
2,0,2,17,988,16,18,2,4
3,1,2,17,989,17,18,28,11
0,5,2,17,990,18,7,27,26
4,2,2,17,991,19,23,26,4
3,0,2,17,992,20,8,25,10
0,1,2,17,993,21,8,24,5
1,2,2,17,994,22,14,23,14
1,2,2,18,995,24,14,1,14
1,3,2,18,996,23,9,25,15
1,1,2,18,997,22,12,26,5
1,1,2,18,998,21,8,27,20
2,3,2,18,999,20,6,28,12
4,1,2,18,1000,19,23,2,6
1,2,2,18,1001,18,13,3,13
1,1,2,18,1002,17,9,4,15
1,5,2,18,1003,16,11,5,25
2,1,2,18,1004,15,21,6,7
1,0,2,18,1005,14,11,7,15
1,0,2,18,1006,13,6,8,16
1,0,2,18,1007,12,10,9,8
1,0,2,18,1008,11,15,10,1
4,1,2,19,1009,1,20,10,10
0,1,2,19,1010,11,16,9,14
0,4,2,19,1011,12,3,8,23
1,2,2,19,1012,13,16,7,15
1,3,2,19,1013,14,9,6,16
1,0,2,19,1014,15,13,5,9
0,1,2,19,1015,16,11,4,22
0,0,2,19,1016,17,11,3,9
2,0,2,19,1017,18,19,2,6
1,0,2,19,1018,19,23,28,10
1,4,2,19,1019,20,9,27,24
0,1,2,19,1020,21,17,26,11
0,2,2,19,1021,22,21,25,9
4,1,2,19,1022,23,12,24,15
0,2,2,20,1023,1,13,15,12
3,1,2,20,1024,16,12,14,12
2,0,2,20,1025,17,18,13,7
0,1,2,20,1026,18,13,12,8
2,0,2,20,1027,19,21,11,8
0,0,2,20,1028,20,10,10,6
3,0,2,20,1029,21,13,9,16
3,1,2,20,1030,22,11,8,15
1,1,2,20,1031,23,11,7,8
1,2,2,20,1032,24,18,6,19
2,1,2,20,1033,25,9,5,16
1,3,2,20,1034,26,15,4,16
2,0,2,20,1035,27,28,3,9
5,1,2,20,1036,28,25,2,8
0,4,2,21,1037,1,22,25,14
0,4,2,21,1038,26,9,24,18
7,1,2,21,1039,27,26,23,9
4,0,2,21,1040,28,12,22,9
2,1,2,21,1041,2,12,21,17
0,0,2,21,1042,3,19,20,10
0,1,2,21,1043,4,15,19,8
5,0,2,21,1044,5,22,18,6
1,0,2,21,1045,6,12,17,3
6,1,2,21,1046,7,27,16,9
3,4,2,21,1047,8,11,15,11
2,1,2,21,1048,9,8,14,11
2,1,2,21,1049,10,8,13,18
1,3,2,21,1050,11,16,12,14
3,1,2,22,1051,1,9,22,4
2,1,2,22,1052,23,13,21,18
4,0,2,22,1053,24,29,20,6
0,3,2,22,1054,25,10,19,20
1,0,2,22,1055,26,14,18,13
3,1,2,22,1056,27,13,17,7
0,1,2,22,1057,28,21,16,7
0,3,2,22,1058,2,8,15,26
1,0,2,22,1059,3,11,14,6
1,0,2,22,1060,4,17,13,14
5,0,2,22,1061,5,29,12,4
1,1,2,22,1062,6,14,11,5
4,0,2,22,1063,7,33,10,2
4,1,2,22,1064,8,26,9,3
0,0,2,23,1065,27,12,1,5
0,1,2,23,1066,26,12,28,16
0,3,2,23,1067,25,14,2,17
2,0,2,23,1068,24,20,3,10
1,2,2,23,1069,23,5,4,16
2,0,2,23,1070,22,11,5,12
0,2,2,23,1071,21,10,6,10
2,0,2,23,1072,20,7,7,12
2,2,2,23,1073,19,16,8,14
3,0,2,23,1074,18,23,9,15
6,0,2,23,1075,17,32,10,3
2,1,2,23,1076,16,23,11,10
8,1,2,23,1077,15,23,12,4
1,0,2,23,1078,14,20,13,12
2,6,2,24,1079,26,12,1,23
2,2,2,24,1080,25,8,27,20
2,0,2,24,1081,24,18,28,12
0,1,2,24,1082,23,15,2,5
2,0,2,24,1083,22,23,3,7
3,2,2,24,1084,21,9,4,17
1,2,2,24,1085,20,4,5,18
0,0,2,24,1086,19,13,6,7
0,4,2,24,1087,18,11,7,16
0,3,2,24,1088,17,10,8,14
0,1,2,24,1089,16,7,9,15
5,1,2,24,1090,15,32,10,6
2,2,2,24,1091,14,15,11,10
1,1,2,24,1092,13,15,12,8
2,3,2,25,1093,14,9,1,13
2,1,2,25,1094,13,8,15,10
0,1,2,25,1095,12,9,16,11
2,3,2,25,1096,11,11,17,13
0,1,2,25,1097,10,10,18,14
2,1,2,25,1098,9,8,19,15
4,1,2,25,1099,8,27,20,11
3,1,2,25,1100,7,15,21,6
0,0,2,25,1101,6,12,22,12
1,0,2,25,1102,5,24,23,3
2,0,2,25,1103,4,17,24,7
3,2,2,25,1104,3,14,25,8
1,0,2,25,1105,2,15,26,13
0,0,2,25,1106,28,15,27,15
1,0,2,26,1107,1,9,13,10
2,0,2,26,1108,14,18,12,8
0,0,2,26,1109,15,18,11,4
3,0,2,26,1110,16,21,10,7
3,2,2,26,1111,17,16,9,12
1,4,2,26,1112,18,8,8,14
2,2,2,26,1113,19,11,7,13
2,3,2,26,1114,20,10,6,23
0,1,2,26,1115,21,11,5,21
1,2,2,26,1116,22,14,4,11
2,1,2,26,1117,23,20,3,13
6,0,2,26,1118,24,28,2,6
2,3,2,26,1119,25,13,28,18
0,0,2,26,1120,26,8,27,26
0,2,2,27,1121,1,15,24,16
3,1,2,27,1122,25,19,23,13
1,0,2,27,1123,26,7,22,7
1,1,2,27,1124,27,20,21,10
4,1,2,27,1125,28,31,20,9
1,1,2,27,1126,2,6,19,28
2,3,2,27,1127,3,20,18,16
1,1,2,27,1128,4,18,17,11
4,0,2,27,1129,5,29,16,5
0,1,2,27,1130,6,11,15,12
2,0,2,27,1131,7,27,14,6
3,2,2,27,1132,8,15,13,14
4,0,2,27,1133,9,20,12,11
1,6,2,27,1134,10,11,11,25
0,1,2,28,1135,23,4,1,16
3,1,2,28,1136,22,20,24,11
2,1,2,28,1137,21,22,25,8
1,2,2,28,1138,20,15,26,10
1,0,2,28,1139,19,9,27,11
2,1,2,28,1140,18,15,28,8
0,1,2,28,1141,17,21,2,6
2,1,2,28,1142,16,15,3,10
3,2,2,28,1143,15,20,4,14
2,4,2,28,1144,14,7,5,16
1,3,2,28,1145,13,15,6,18
1,1,2,28,1146,12,11,7,9
3,1,2,28,1147,11,12,8,13
2,1,2,28,1148,10,12,9,12
3,0,2,29,1149,22,16,1,10
3,2,2,29,1150,21,12,23,9
1,1,2,29,1151,20,8,24,18
3,2,2,29,1152,19,24,25,5
1,2,2,29,1153,18,13,26,15
0,2,2,29,1154,17,11,27,11
1,1,2,29,1155,16,14,28,13
5,0,2,29,1156,15,28,2,9
0,2,2,29,1157,14,14,3,16
0,0,2,29,1158,13,13,4,17
0,2,2,29,1159,12,9,5,13
1,2,2,29,1160,11,16,6,16
2,3,2,29,1161,10,9,7,14
0,1,2,29,1162,9,6,8,17
3,2,2,30,1163,6,17,1,6
2,1,2,30,1164,5,15,7,10
1,2,2,30,1165,4,12,8,8
0,2,2,30,1166,3,9,9,20
1,2,2,30,1167,2,16,10,16
4,0,2,30,1168,28,20,11,6
2,0,2,30,1169,27,24,12,6
1,2,2,30,1170,26,7,13,21
3,2,2,30,1171,25,9,14,12
0,3,2,30,1172,24,12,15,15
1,0,2,30,1173,23,15,16,10
0,0,2,30,1174,22,12,17,9
3,1,2,30,1175,21,19,18,7
1,2,2,30,1176,20,13,19,22
2,0,2,31,1177,8,10,1,6
1,2,2,31,1178,7,19,9,12
7,0,2,31,1179,6,26,10,9
3,1,2,31,1180,5,27,11,13
2,1,2,31,1181,4,29,12,5
3,0,2,31,1182,3,15,13,17
1,1,2,31,1183,2,14,14,15
1,3,2,31,1184,28,9,15,20
2,0,2,31,1185,27,27,16,6
2,2,2,31,1186,26,8,17,17
2,2,2,31,1187,25,13,18,13
0,1,2,31,1188,24,11,19,17
2,0,2,31,1189,23,17,20,7
2,2,2,31,1190,22,15,21,11
1,0,2,32,1191,1,18,3,10
3,0,2,32,1192,4,26,2,10
2,0,2,32,1193,5,10,28,8
0,2,2,32,1194,6,12,27,12
0,0,2,32,1195,7,15,26,6
2,0,2,32,1196,8,18,25,8
1,1,2,32,1197,9,7,24,13
0,2,2,32,1198,10,11,23,20
1,2,2,32,1199,11,10,22,12
0,0,2,32,1200,12,16,21,13
3,0,2,32,1201,13,24,20,8
0,1,2,32,1202,14,15,19,22
6,0,2,32,1203,15,31,18,10
1,1,2,32,1204,16,11,17,19
5,1,2,33,1205,1,19,21,8
4,2,2,33,1206,22,18,20,7
2,2,2,33,1207,23,11,19,15
4,0,2,33,1208,24,27,18,7
1,1,2,33,1209,25,10,17,13
0,1,2,33,1210,26,4,16,13
2,1,2,33,1211,27,14,15,14
0,2,2,33,1212,28,19,14,8
2,4,2,33,1213,2,12,13,18
3,0,2,33,1214,3,24,12,4
2,4,2,33,1215,4,23,11,6
5,0,2,33,1216,5,23,10,4
3,0,2,33,1217,6,29,9,8
2,0,2,33,1218,7,10,8,12
3,0,2,34,1219,1,10,8,10
0,1,2,34,1220,9,8,7,10
1,3,2,34,1221,10,7,6,16
0,1,2,34,1222,11,11,5,11
0,3,2,34,1223,12,11,4,18
3,0,2,34,1224,13,24,3,7
5,1,2,34,1225,14,18,2,12
4,1,2,34,1226,15,18,28,8
0,4,2,34,1227,16,7,27,24
3,2,2,34,1228,17,25,26,9
3,2,2,34,1229,18,10,25,12
0,0,2,34,1230,19,16,24,9
1,2,2,34,1231,20,12,23,16
1,2,2,34,1232,21,9,22,9
1,0,2,35,1233,11,17,1,15
1,0,2,35,1234,10,13,12,15
0,2,2,35,1235,9,13,13,13
4,0,2,35,1236,8,24,14,7
0,3,2,35,1237,7,13,15,17
0,0,2,35,1238,6,15,16,7
2,1,2,35,1239,5,27,17,7
2,1,2,35,1240,4,19,18,3
1,3,2,35,1241,3,10,19,13
4,1,2,35,1242,2,13,20,8
0,1,2,35,1243,28,11,21,7
2,1,2,35,1244,27,17,22,10
1,1,2,35,1245,26,15,23,20
0,1,2,35,1246,25,10,24,22
3,0,2,36,1247,1,19,20,6
3,2,2,36,1248,21,17,19,9
3,1,2,36,1249,22,15,18,7
1,2,2,36,1250,23,14,17,10
4,3,2,36,1251,24,17,16,12
0,4,2,36,1252,25,8,15,28
2,0,2,36,1253,26,17,14,7
3,1,2,36,1254,27,17,13,10
2,0,2,36,1255,28,16,12,8
1,1,2,36,1256,2,10,11,15
2,0,2,36,1257,3,12,10,12
2,0,2,36,1258,4,20,9,8
0,2,2,36,1259,5,9,8,13
1,1,2,36,1260,6,24,7,9
0,3,2,37,1261,7,13,1,12
1,1,2,37,1262,6,13,8,15
0,0,2,37,1263,5,13,9,11
2,0,2,37,1264,4,21,10,9
1,1,2,37,1265,3,13,11,5
4,1,2,37,1266,2,17,12,14
3,1,2,37,1267,28,15,13,10
2,2,2,37,1268,27,20,14,6
2,3,2,37,1269,26,7,15,29
0,2,2,37,1270,25,8,16,10
2,0,2,37,1271,24,17,17,12
2,2,2,37,1272,23,16,18,11
4,3,2,37,1273,22,15,19,20
3,1,2,37,1274,21,20,20,8
2,1,2,38,1275,1,14,5,8
1,1,2,38,1276,6,15,4,7
1,1,2,38,1277,7,15,3,6
3,1,2,38,1278,8,35,2,3
3,0,2,38,1279,9,10,28,13
0,1,2,38,1280,10,10,27,24
2,0,2,38,1281,11,14,26,11
2,1,2,38,1282,12,11,25,17
1,1,2,38,1283,13,12,24,21
0,2,2,38,1284,14,18,23,13
5,1,2,38,1285,15,18,22,3
1,2,2,38,1286,16,9,21,15
0,0,2,38,1287,17,15,20,5
1,3,2,38,1288,18,6,19,18
2,1,2,39,1289,1,20,23,11
3,0,2,39,1290,24,13,22,7
0,1,2,39,1291,25,11,21,17
1,1,2,39,1292,26,18,20,7
1,2,2,39,1293,27,12,19,13
3,0,2,39,1294,28,13,18,11
1,3,2,39,1295,2,6,17,16
5,1,2,39,1296,3,24,16,15
1,2,2,39,1297,4,18,15,12
2,0,2,39,1298,5,21,14,6
1,2,2,39,1299,6,9,13,12
1,0,2,39,1300,7,20,12,12
4,0,2,39,1301,8,19,11,9
3,4,2,39,1302,9,31,10,17
3,2,2,40,1303,28,10,1,11
4,0,2,40,1304,27,25,2,6
0,0,2,40,1305,26,15,3,13
0,1,2,40,1306,25,7,4,19
3,2,2,40,1307,24,17,5,13
1,2,2,40,1308,23,11,6,17
2,2,2,40,1309,22,15,7,13
2,0,2,40,1310,21,9,8,12
1,2,2,40,1311,20,11,9,12
3,1,2,40,1312,19,37,10,6
1,2,2,40,1313,18,12,11,13
1,0,2,40,1314,17,15,12,11
0,2,2,40,1315,16,4,13,11
2,0,2,40,1316,15,24,14,2
1,3,2,41,1317,1,18,12,7
0,2,2,41,1318,13,18,11,19
0,2,2,41,1319,14,9,10,5
2,0,2,41,1320,15,25,9,6
0,2,2,41,1321,16,6,8,12
3,2,2,41,1322,17,13,7,10
0,1,2,41,1323,18,7,6,12
1,1,2,41,1324,19,10,5,8
1,3,2,41,1325,20,6,4,27
1,0,2,41,1326,21,9,3,10
4,2,2,41,1327,22,23,2,10
2,1,2,41,1328,23,10,28,11
1,2,2,41,1329,24,8,27,5
0,1,2,41,1330,25,13,26,16
2,0,2,42,1331,1,34,26,4
2,0,2,42,1332,27,28,25,6
0,1,2,42,1333,28,10,24,6
1,2,2,42,1334,2,11,23,13
0,3,2,42,1335,3,12,22,17
3,0,2,42,1336,4,17,21,5
2,1,2,42,1337,5,38,20,7
1,3,2,42,1338,6,11,19,11
0,2,2,42,1339,7,8,18,9
3,1,2,42,1340,8,13,17,8
0,1,2,42,1341,9,20,16,21
1,0,2,42,1342,10,19,15,32
2,3,2,42,1343,11,18,14,11
0,0,2,42,1344,12,10,13,20
2,0,2,43,1345,5,13,1,9
0,1,2,43,1346,4,16,6,10
1,4,2,43,1347,3,6,7,19
0,1,2,43,1348,2,3,8,26
2,0,2,43,1349,28,19,9,4
6,1,2,43,1350,27,24,10,6
2,2,2,43,1351,26,17,11,11
1,1,2,43,1352,25,23,12,11
2,0,2,43,1353,24,23,13,5
2,4,2,43,1354,23,14,14,13
1,0,2,43,1355,22,13,15,16
2,2,2,43,1356,21,11,16,8
1,4,2,43,1357,20,11,17,15
3,0,2,43,1358,19,22,18,5
3,2,2,44,1359,1,13,18,10
0,0,2,44,1360,19,7,17,6
1,2,2,44,1361,20,13,16,11
0,1,2,44,1362,21,11,15,19
1,1,2,44,1363,22,14,14,15
3,3,2,44,1364,23,12,13,14
2,0,2,44,1365,24,20,12,4
2,5,2,44,1366,25,11,11,22
2,0,2,44,1367,26,19,10,7
0,0,2,44,1368,27,20,9,2
0,3,2,44,1369,28,10,8,17
1,5,2,44,1370,2,4,7,18
0,2,2,44,1371,3,13,6,17
0,0,2,44,1372,4,9,5,5
1,0,2,45,1373,15,20,1,14
3,1,2,45,1374,14,14,16,9
2,1,2,45,1375,13,19,17,9
4,2,2,45,1376,12,22,18,11
0,2,2,45,1377,11,7,19,16
2,0,2,45,1378,10,16,20,6
3,1,2,45,1379,9,6,21,14
1,1,2,45,1380,8,11,22,5
2,1,2,45,1381,7,17,23,9
2,2,2,45,1382,6,11,24,8
4,0,2,45,1383,5,19,25,3
3,0,2,45,1384,4,22,26,7
0,2,2,45,1385,3,7,27,12
1,2,2,45,1386,2,12,28,18
0,3,2,46,1387,25,9,1,17
4,0,2,46,1388,24,23,26,10
0,3,2,46,1389,23,6,27,17
2,0,2,46,1390,22,22,28,7
3,0,2,46,1391,21,20,2,7
1,0,2,46,1392,20,11,3,17
2,1,2,46,1393,19,13,4,14
0,2,2,46,1394,18,9,5,20
1,2,2,46,1395,17,14,6,10
2,1,2,46,1396,16,8,7,11
0,1,2,46,1397,15,19,8,13
0,1,2,46,1398,14,6,9,8
1,1,2,46,1399,13,18,10,7
1,0,2,46,1400,12,15,11,7
2,2,2,47,1401,1,7,6,16
0,2,2,47,1402,7,5,5,9
0,0,2,47,1403,8,3,4,10
2,0,2,47,1404,9,10,3,8
2,2,2,47,1405,10,12,2,13
1,1,2,47,1406,11,13,28,9
1,2,2,47,1407,12,6,27,14
4,2,2,47,1408,13,18,26,14
1,1,2,47,1409,14,13,25,8
3,3,2,47,1410,15,22,24,10
0,2,2,47,1411,16,9,23,12
4,1,2,47,1412,17,14,22,6
1,0,2,47,1413,18,10,21,13
2,0,2,47,1414,19,28,20,3
1,1,2,48,1415,17,15,1,15
0,2,2,48,1416,16,10,18,14
1,0,2,48,1417,15,18,19,10
0,0,2,48,1418,14,13,20,9
1,0,2,48,1419,13,14,21,9
0,0,2,48,1420,12,10,22,13
1,0,2,48,1421,11,12,23,6
1,3,2,48,1422,10,7,24,19
1,2,2,48,1423,9,10,25,12
1,0,2,48,1424,8,27,26,2
0,0,2,48,1425,7,10,27,9
1,0,2,48,1426,6,18,28,11
4,1,2,48,1427,5,26,2,7
1,1,2,48,1428,4,21,3,8
1,1,2,49,1429,1,9,4,11
2,1,2,49,1430,5,26,3,6
1,1,2,49,1431,6,18,2,6
1,0,2,49,1432,7,20,28,9
3,1,2,49,1433,8,16,27,9
2,1,2,49,1434,9,12,26,4
1,0,2,49,1435,10,13,25,11
2,2,2,49,1436,11,13,24,23
1,1,2,49,1437,12,9,23,9
2,1,2,49,1438,13,20,22,9
1,2,2,49,1439,14,14,21,7
5,1,2,49,1440,15,31,20,4
0,3,2,49,1441,16,15,19,25
2,1,2,49,1442,17,14,18,6
4,0,2,50,1443,13,18,1,8
1,0,2,50,1444,12,15,14,11
0,2,2,50,1445,11,7,15,20
1,1,2,50,1446,10,19,16,11
1,2,2,50,1447,9,17,17,11
3,2,2,50,1448,8,26,18,6
1,3,2,50,1449,7,15,19,13
3,0,2,50,1450,6,31,20,4
0,2,2,50,1451,5,17,21,11
2,0,2,50,1452,4,25,22,10
1,1,2,50,1453,3,18,23,8
1,0,2,50,1454,2,13,24,21
1,0,2,50,1455,28,19,25,6
1,0,2,50,1456,27,23,26,3
1,2,2,51,1457,1,14,7,19
1,1,2,51,1458,8,15,6,6
0,4,2,51,1459,9,5,5,16
2,5,2,51,1460,10,11,4,26
2,0,2,51,1461,11,16,3,10
3,1,2,51,1462,12,20,2,14
0,1,2,51,1463,13,5,28,16
3,3,2,51,1464,14,12,27,19
7,1,2,51,1465,15,30,26,4
2,0,2,51,1466,16,22,25,13
1,0,2,51,1467,17,22,24,5
1,0,2,51,1468,18,14,23,9
2,0,2,51,1469,19,21,22,7
1,1,2,51,1470,20,7,21,18
2,0,2,52,1471,1,15,14,6
5,0,2,52,1472,15,23,13,7
2,1,2,52,1473,16,12,12,15
5,4,2,52,1474,17,15,11,14
2,1,2,52,1475,18,23,10,13
0,1,2,52,1476,19,16,9,9
0,3,2,52,1477,20,9,8,28
0,4,2,52,1478,21,12,7,14
0,0,2,52,1479,22,11,6,6
3,0,2,52,1480,23,12,5,19
0,1,2,52,1481,24,14,4,16
3,1,2,52,1482,25,22,3,15
0,4,2,52,1483,26,12,2,12
0,2,2,52,1484,27,16,28,11
0,0,2,53,1485,12,11,1,15
3,4,2,53,1486,11,11,13,15
0,2,2,53,1487,10,7,14,13
0,3,2,53,1488,9,11,15,31
8,1,2,53,1489,8,23,16,5
0,1,2,53,1490,7,15,17,6
4,0,2,53,1491,6,21,18,6
1,2,2,53,1492,5,18,19,15
4,0,2,53,1493,4,29,20,2
3,4,2,53,1494,3,10,21,19
2,2,2,53,1495,2,9,22,14
3,0,2,53,1496,28,15,23,10
2,0,2,53,1497,27,11,24,3
1,0,2,53,1498,26,11,25,6
1,0,2,54,1499,1,13,28,5
0,2,2,54,1500,2,6,27,30
1,1,2,54,1501,3,22,26,11
4,0,2,54,1502,4,27,25,3
1,0,2,54,1503,5,19,24,8
1,1,2,54,1504,6,15,23,7
0,2,2,54,1505,7,19,22,15
4,0,2,54,1506,8,22,21,6
1,0,2,54,1507,9,17,20,15
0,6,2,54,1508,10,10,19,19
5,2,2,54,1509,11,22,18,13
3,3,2,54,1510,12,13,17,17
5,1,2,54,1511,13,29,16,9
0,2,2,54,1512,14,6,15,24
